{"cameraMode":{"drawMode":0,"name":"Shaded","section":"Shading Mode"},"sceneLighting":false,"audioPlay":false,"sceneViewState":{"showFog":true,"showMaterialUpdate":false,"showSkybox":false,"showFlares":true,"showImageEffects":true,"showParticleSystems":true},"in2DMode":false,"pivot":{"x":0.36789560317993166,"y":5.980113506317139,"z":-7.5885210037231449},"rotation":{"x":0.0063326116651296619,"y":-0.9878503680229187,"z":0.14961184561252595,"w":0.04180314019322395},"size":6.751450061798096,"orthographic":false}