{"cameraMode":{"drawMode":0,"name":"Shaded","section":"Shading Mode"},"sceneLighting":true,"audioPlay":false,"sceneViewState":{"showFog":true,"showMaterialUpdate":false,"showSkybox":true,"showFlares":true,"showImageEffects":true,"showParticleSystems":true},"in2DMode":false,"pivot":{"x":-2.7207038402557375,"y":-1.3866181373596192,"z":-6.106534957885742},"rotation":{"x":0.04643789678812027,"y":-0.9366039037704468,"z":0.1361069232225418,"w":0.3195464313030243},"size":4.953078269958496,"orthographic":false}