{"cameraMode":{"drawMode":0,"name":"Shaded","section":"Shading Mode"},"sceneLighting":false,"audioPlay":false,"sceneViewState":{"showFog":true,"showMaterialUpdate":false,"showSkybox":false,"showFlares":true,"showImageEffects":true,"showParticleSystems":true},"in2DMode":false,"pivot":{"x":0.13899999856948853,"y":0.27881330251693728,"z":-0.21574917435646058},"rotation":{"x":0.0063326116651296619,"y":-0.9878503680229187,"z":0.14961184561252595,"w":0.04180314019322395},"size":0.2526446282863617,"orthographic":false}