{"cameraMode":{"drawMode":0,"name":"Shaded","section":"Shading Mode"},"sceneLighting":false,"audioPlay":false,"sceneViewState":{"showFog":true,"showMaterialUpdate":false,"showSkybox":false,"showFlares":true,"showImageEffects":true,"showParticleSystems":true},"in2DMode":false,"pivot":{"x":0.911719799041748,"y":0.8054035902023315,"z":0.39723801612854006},"rotation":{"x":0.1019502729177475,"y":0.8483838438987732,"z":-0.17711345851421357,"w":0.4883478879928589},"size":1.5217972993850709,"orthographic":false}