{"cameraMode":{"drawMode":0,"name":"Shaded","section":"Shading Mode"},"sceneLighting":false,"audioPlay":false,"sceneViewState":{"showFog":true,"showMaterialUpdate":false,"showSkybox":false,"showFlares":true,"showImageEffects":true,"showParticleSystems":true},"in2DMode":false,"pivot":{"x":4.964670181274414,"y":5.315739154815674,"z":-10.79104995727539},"rotation":{"x":-0.029371507465839387,"y":0.9597734212875366,"z":0.10958194732666016,"w":0.2569787800312042},"size":8.279120445251465,"orthographic":false}