{"cameraMode":{"drawMode":0,"name":"Shaded","section":"Shading Mode"},"sceneLighting":true,"audioPlay":false,"sceneViewState":{"showFog":true,"showMaterialUpdate":false,"showSkybox":false,"showFlares":true,"showImageEffects":true,"showParticleSystems":true},"in2DMode":false,"pivot":{"x":6.143217086791992,"y":-3.982612133026123,"z":5.460844039916992},"rotation":{"x":-0.15418486297130586,"y":-0.012439711019396782,"z":0.001934308442287147,"w":-0.9879934787750244},"size":7.247417449951172,"orthographic":false}