{"cameraMode":{"drawMode":0,"name":"Shaded","section":"Shading Mode"},"sceneLighting":true,"audioPlay":false,"sceneViewState":{"showFog":true,"showMaterialUpdate":false,"showSkybox":true,"showFlares":true,"showImageEffects":true,"showParticleSystems":true},"in2DMode":false,"pivot":{"x":-20.263986587524415,"y":-29.2620849609375,"z":33.93067932128906},"rotation":{"x":-0.32723474502563479,"y":0.24063046276569367,"z":-0.08655938506126404,"w":-0.9096851348876953},"size":43.622032165527347,"orthographic":false}