{"cameraMode":{"drawMode":0,"name":"Shaded","section":"Shading Mode"},"sceneLighting":true,"audioPlay":false,"sceneViewState":{"showFog":true,"showMaterialUpdate":false,"showSkybox":true,"showFlares":true,"showImageEffects":true,"showParticleSystems":true},"in2DMode":false,"pivot":{"x":-31.188846588134767,"y":-27.177013397216798,"z":-4.900874137878418},"rotation":{"x":-0.3862435817718506,"y":0.48088929057121279,"z":-0.2487134039402008,"w":-0.7468008995056152},"size":39.646339416503909,"orthographic":false}