{"cameraMode":{"drawMode":0,"name":"Shaded","section":"Shading Mode"},"sceneLighting":true,"audioPlay":false,"sceneViewState":{"showFog":true,"showMaterialUpdate":false,"showSkybox":true,"showFlares":true,"showImageEffects":true,"showParticleSystems":true},"in2DMode":false,"pivot":{"x":93.95794677734375,"y":-86.9051742553711,"z":67.08170318603516},"rotation":{"x":0.29090601205825808,"y":0.4391742944717407,"z":-0.15279553830623628,"w":0.8361615538597107},"size":89.00748443603516,"orthographic":false}