{"cameraMode":{"drawMode":0,"name":"Shaded","section":"Shading Mode"},"sceneLighting":false,"audioPlay":false,"sceneViewState":{"showFog":true,"showMaterialUpdate":false,"showSkybox":false,"showFlares":true,"showImageEffects":true,"showParticleSystems":true},"in2DMode":false,"pivot":{"x":1.302249550819397,"y":-0.46482744812965395,"z":-0.243026003241539},"rotation":{"x":-0.22633564472198487,"y":-0.710825502872467,"z":0.2629481852054596,"w":-0.6118506789207459},"size":1.5217972993850709,"orthographic":false}