{"cameraMode":{"drawMode":0,"name":"Shaded","section":"Shading Mode"},"sceneLighting":false,"audioPlay":false,"sceneViewState":{"showFog":true,"showMaterialUpdate":false,"showSkybox":false,"showFlares":true,"showImageEffects":true,"showParticleSystems":true},"in2DMode":false,"pivot":{"x":-0.3004770278930664,"y":7.029727935791016,"z":-1.3446502685546876},"rotation":{"x":0.012773444876074791,"y":0.9384841918945313,"z":0.03491886705160141,"w":-0.3433171212673187},"size":6.6686787605285648,"orthographic":false}