{"cameraMode":{"drawMode":0,"name":"Shaded","section":"Shading Mode"},"sceneLighting":false,"audioPlay":false,"sceneViewState":{"showFog":true,"showMaterialUpdate":false,"showSkybox":false,"showFlares":true,"showImageEffects":true,"showParticleSystems":true},"in2DMode":false,"pivot":{"x":14.234411239624024,"y":0.07416097819805145,"z":-67.59745025634766},"rotation":{"x":-0.10349542647600174,"y":0.6794636249542236,"z":-0.09769874811172486,"w":-0.7197728157043457},"size":1.0636866092681885,"orthographic":false}