{"cameraMode":{"drawMode":0,"name":"Shaded","section":"Shading Mode"},"sceneLighting":false,"audioPlay":false,"sceneViewState":{"showFog":true,"showMaterialUpdate":false,"showSkybox":false,"showFlares":true,"showImageEffects":true,"showParticleSystems":true},"in2DMode":false,"pivot":{"x":26.999998092651368,"y":0.004050000105053186,"z":-97.30000305175781},"rotation":{"x":-0.0233232993632555,"y":0.6795355081558228,"z":-0.021622681990265847,"w":-0.7329535484313965},"size":0.7636873722076416,"orthographic":false}